{
  "dataset": {
    "file": "data/dataset.csv",
    "n_rows": 4424,
    "n_features": 34,
    "train_size": 3539,
    "test_size": 885,
    "labels": [
      "Dropout",
      "Enrolled",
      "Graduate"
    ]
  },
  "test_results": {
    "accuracy": 0.7694915254237288,
    "f1_macro": 0.7017642390776718,
    "roc_auc_ovr_macro": 0.8914830155072749,
    "confusion_matrix": [
      [
        214,
        31,
        39
      ],
      [
        35,
        67,
        57
      ],
      [
        13,
        29,
        400
      ]
    ]
  },
  "classification_report": {
    "Dropout": {
      "precision": 0.816793893129771,
      "recall": 0.7535211267605634,
      "f1-score": 0.7838827838827839,
      "support": 284.0
    },
    "Enrolled": {
      "precision": 0.5275590551181102,
      "recall": 0.42138364779874216,
      "f1-score": 0.46853146853146854,
      "support": 159.0
    },
    "Graduate": {
      "precision": 0.8064516129032258,
      "recall": 0.9049773755656109,
      "f1-score": 0.8528784648187633,
      "support": 442.0
    },
    "accuracy": 0.7694915254237288,
    "macro avg": {
      "precision": 0.7169348537170356,
      "recall": 0.6932940500416388,
      "f1-score": 0.7017642390776718,
      "support": 885.0
    },
    "weighted avg": {
      "precision": 0.7596643709783731,
      "recall": 0.7694915254237288,
      "f1-score": 0.7616853057278051,
      "support": 885.0
    }
  },
  "outputs": {
    "confusion_matrix_png": "outputs/confusion_matrix.png"
  }
}