{
  "accuracy": 0.7423728813559322,
  "macro_f1": 0.7030559032504096,
  "classification_report": {
    "Dropout": {
      "precision": 0.8347457627118644,
      "recall": 0.6936619718309859,
      "f1-score": 0.7576923076923077,
      "support": 284.0
    },
    "Enrolled": {
      "precision": 0.4297872340425532,
      "recall": 0.6352201257861635,
      "f1-score": 0.5126903553299492,
      "support": 159.0
    },
    "Graduate": {
      "precision": 0.8671497584541062,
      "recall": 0.8122171945701357,
      "f1-score": 0.8387850467289719,
      "support": 442.0
    },
    "accuracy": 0.7423728813559322,
    "macro avg": {
      "precision": 0.7105609184028413,
      "recall": 0.7136997640624284,
      "f1-score": 0.7030559032504096,
      "support": 885.0
    },
    "weighted avg": {
      "precision": 0.778174192157797,
      "recall": 0.7423728813559322,
      "f1-score": 0.7541755621878903,
      "support": 885.0
    }
  },
  "confusion_matrix": [
    [
      197,
      64,
      23
    ],
    [
      26,
      101,
      32
    ],
    [
      13,
      70,
      359
    ]
  ],
  "confusion_matrix_path": "/Users/hardik/COMP385/COMP385-Group4/outputs/confusion_matrix.png",
  "macro_roc_auc_ovr": 0.8858028710787597
}