{
  "accuracy": 0.7367231638418079,
  "macro_f1": 0.688569373883308,
  "classification_report": {
    "Dropout": {
      "precision": 0.7991967871485943,
      "recall": 0.7007042253521126,
      "f1-score": 0.7467166979362101,
      "support": 284.0
    },
    "Enrolled": {
      "precision": 0.4251207729468599,
      "recall": 0.5534591194968553,
      "f1-score": 0.4808743169398907,
      "support": 159.0
    },
    "Graduate": {
      "precision": 0.8508158508158508,
      "recall": 0.8257918552036199,
      "f1-score": 0.8381171067738232,
      "support": 442.0
    },
    "accuracy": 0.7367231638418079,
    "macro avg": {
      "precision": 0.6917111369704351,
      "recall": 0.6933184000175293,
      "f1-score": 0.688569373883308,
      "support": 885.0
    },
    "weighted avg": {
      "precision": 0.7577702785416469,
      "recall": 0.7367231638418079,
      "f1-score": 0.7446037511879731,
      "support": 885.0
    }
  },
  "confusion_matrix": [
    [
      199,
      58,
      27
    ],
    [
      34,
      88,
      37
    ],
    [
      16,
      61,
      365
    ]
  ],
  "confusion_matrix_path": "/Users/hardik/COMP385/COMP385-Group4/outputs/confusion_matrix.png",
  "macro_roc_auc_ovr": 0.8792767573397136
}