{
  "accuracy": 0.7446327683615819,
  "macro_f1": 0.7012894674785429,
  "classification_report": {
    "Dropout": {
      "precision": 0.8122448979591836,
      "recall": 0.7007042253521126,
      "f1-score": 0.7523629489603024,
      "support": 284.0
    },
    "Enrolled": {
      "precision": 0.4383561643835616,
      "recall": 0.6037735849056604,
      "f1-score": 0.5079365079365079,
      "support": 159.0
    },
    "Graduate": {
      "precision": 0.8646080760095012,
      "recall": 0.8235294117647058,
      "f1-score": 0.8435689455388181,
      "support": 442.0
    },
    "accuracy": 0.7446327683615819,
    "macro avg": {
      "precision": 0.705069712784082,
      "recall": 0.7093357406741596,
      "f1-score": 0.7012894674785429,
      "support": 885.0
    },
    "weighted avg": {
      "precision": 0.7712236731679027,
      "recall": 0.7446327683615819,
      "f1-score": 0.754000515474337,
      "support": 885.0
    }
  },
  "confusion_matrix": [
    [
      199,
      60,
      25
    ],
    [
      31,
      96,
      32
    ],
    [
      15,
      63,
      364
    ]
  ],
  "confusion_matrix_path": "/Users/hardik/COMP385/COMP385-Group4/outputs/confusion_matrix.png",
  "macro_roc_auc_ovr": 0.8878647141051231
}